,obj_0,obj_1,obj_2,hipervolumen,generacion
0,"[np.float64(0.14341965013480468), np.float64(0.9951595711329864), np.float64(0.24873664867056008), np.float64(0.7280073985829832)]","[np.float64(0.0), np.float64(0.6853799079543033), np.float64(0.07987025385982614), np.float64(0.5069217969271131)]","[np.float64(0.0), np.float64(1.0), np.float64(0.31002255824109326), np.float64(0.312639774657644)]",0.0,0
1,"[np.float64(0.44568311492883567), np.float64(1.0), np.float64(0.16633202717450019), np.float64(0.8868970886366961)]","[np.float64(0.0), np.float64(1.0), np.float64(0.15962583492412266), np.float64(0.890122618187345)]","[np.float64(0.0), np.float64(1.0), np.float64(0.15867751793320192), np.float64(0.9410735632493843)]",0.0,49
2,"[np.float64(0.44568311492883567), np.float64(1.0), np.float64(0.16634767485423502), np.float64(0.8871631450247666)]","[np.float64(0.0), np.float64(1.0), np.float64(0.15810468922400234), np.float64(0.8974022809493298)]","[np.float64(0.0), np.float64(1.0), np.float64(0.1514783340310934), np.float64(0.9555616462478771)]",0.0,99
3,"[np.float64(0.44568311492883567), np.float64(1.0), np.float64(0.16669464937168274), np.float64(0.8882703199782642)]","[np.float64(0.0), np.float64(1.0), np.float64(0.15857799134525122), np.float64(0.8968955675868557)]","[np.float64(0.0), np.float64(1.0), np.float64(0.15366098813770157), np.float64(0.95449767729484)]",0.0,149
4,"[np.float64(0.44568311492883567), np.float64(1.0), np.float64(0.16669333160836822), np.float64(0.8882761719648046)]","[np.float64(0.0), np.float64(1.0), np.float64(0.15863513358660972), np.float64(0.8967946819212755)]","[np.float64(0.0), np.float64(1.0), np.float64(0.15391683690426414), np.float64(0.9542896040530588)]",0.0,199
5,"[np.float64(0.44568311492883567), np.float64(1.0), np.float64(0.1667738118630454), np.float64(0.8884284281146154)]","[np.float64(0.0), np.float64(1.0), np.float64(0.15890303593629718), np.float64(0.8964791429671135)]","[np.float64(0.0), np.float64(1.0), np.float64(0.1551192577258638), np.float64(0.9536420847713736)]",0.0,249
6,"[np.float64(0.44568311492883567), np.float64(1.0), np.float64(0.166773244081244), np.float64(0.888430936108847)]","[np.float64(0.0), np.float64(1.0), np.float64(0.15905385631779728), np.float64(0.8949654983315293)]","[np.float64(0.0), np.float64(1.0), np.float64(0.15595771384033444), np.float64(0.9506117817410704)]",0.0,299
