,obj_0,obj_1,obj_2,hipervolumen,generacion
0,"[np.float64(0.002570694087403599), np.float64(0.9984074236629256), np.float64(0.24373779454978475), np.float64(0.7482869354400485)]","[np.float64(0.4246830045276109), np.float64(0.6564121031216199), np.float64(0.037642623783659894), np.float64(0.5135512597005614)]","[np.float64(0.0), np.float64(1.0), np.float64(0.2896520390841633), np.float64(0.3001973396265404)]",0.011669889601512532,0
1,"[np.float64(0.05962756285660543), np.float64(1.0), np.float64(0.14857094579254854), np.float64(0.9238100612368592)]","[np.float64(0.0), np.float64(1.0), np.float64(0.21866164993850465), np.float64(0.8918626342684175)]","[np.float64(0.0), np.float64(1.0), np.float64(0.15612494995995996), np.float64(0.975)]",0.4768449996865008,49
2,"[np.float64(0.05962756285660543), np.float64(1.0), np.float64(0.14756206387871132), np.float64(0.9280313290279432)]","[np.float64(0.0), np.float64(1.0), np.float64(0.2423060343313528), np.float64(0.8857723053111506)]","[np.float64(0.0), np.float64(1.0), np.float64(0.15612494995995996), np.float64(0.975)]",0.4768449996865008,99
3,"[np.float64(0.05962756285660543), np.float64(1.0), np.float64(0.14756216577582854), np.float64(0.9280315380274625)]","[np.float64(0.0), np.float64(1.0), np.float64(0.2423060343313528), np.float64(0.8857723053111506)]","[np.float64(0.0), np.float64(1.0), np.float64(0.15612494995995996), np.float64(0.975)]",0.4768449996865008,149
4,"[np.float64(0.05962756285660543), np.float64(1.0), np.float64(0.14756216577582854), np.float64(0.9280315380274625)]","[np.float64(0.0), np.float64(1.0), np.float64(0.2423060343313528), np.float64(0.8857723053111506)]","[np.float64(0.0), np.float64(1.0), np.float64(0.15612494995995996), np.float64(0.975)]",0.4768449996865008,199
5,"[np.float64(0.05962756285660543), np.float64(1.0), np.float64(0.14756216577582854), np.float64(0.9280315380274625)]","[np.float64(0.0), np.float64(1.0), np.float64(0.2423060343313528), np.float64(0.8857723053111506)]","[np.float64(0.0), np.float64(1.0), np.float64(0.15612494995995996), np.float64(0.975)]",0.4768449996865008,249
6,"[np.float64(0.05962756285660543), np.float64(1.0), np.float64(0.14756216577582854), np.float64(0.9280315380274625)]","[np.float64(0.0), np.float64(1.0), np.float64(0.2423060343313528), np.float64(0.8857723053111506)]","[np.float64(0.0), np.float64(1.0), np.float64(0.15612494995995996), np.float64(0.975)]",0.4768449996865008,299
